{"cameraMode":{"drawMode":0,"name":"Shaded","section":"Shading Mode"},"sceneLighting":false,"audioPlay":false,"sceneViewState":{"m_AlwaysRefresh":false,"showFog":true,"showSkybox":false,"showFlares":true,"showImageEffects":true,"showParticleSystems":true,"showVisualEffectGraphs":true,"m_FxEnabled":true},"in2DMode":false,"pivot":{"x":0.009751677513122559,"y":0.6420298218727112,"z":-0.24112403392791749},"rotation":{"x":0.23144659399986268,"y":0.3114629089832306,"z":-0.0785011574625969,"w":0.9182924032211304},"size":1.4347418546676636,"orthographic":false}