{"cameraMode":{"drawMode":0,"name":"Shaded","section":"Shading Mode"},"sceneLighting":false,"audioPlay":false,"sceneViewState":{"m_AlwaysRefresh":false,"showFog":true,"showSkybox":false,"showFlares":true,"showImageEffects":true,"showParticleSystems":true,"showVisualEffectGraphs":true,"m_FxEnabled":true},"in2DMode":false,"pivot":{"x":0.10802972316741944,"y":0.33629661798477175,"z":0.17691099643707276},"rotation":{"x":0.029974373057484628,"y":0.9683660864830017,"z":-0.14337483048439027,"w":0.20214301347732545},"size":0.7191581130027771,"orthographic":true}