{"cameraMode":{"drawMode":0,"name":"Shaded","section":"Shading Mode"},"sceneLighting":false,"audioPlay":false,"sceneViewState":{"m_AlwaysRefresh":false,"showFog":true,"showSkybox":false,"showFlares":true,"showImageEffects":true,"showParticleSystems":true,"showVisualEffectGraphs":true,"m_FxEnabled":true},"in2DMode":false,"pivot":{"x":0.9651038646697998,"y":0.19381093978881837,"z":-0.11118888854980469},"rotation":{"x":-0.23303639888763429,"y":-0.4067440629005432,"z":0.10812003910541535,"w":-0.8766782283782959},"size":2.271836280822754,"orthographic":false}