{"cameraMode":{"drawMode":0,"name":"Shaded","section":"Shading Mode"},"sceneLighting":false,"audioPlay":false,"sceneViewState":{"m_AlwaysRefresh":false,"showFog":true,"showSkybox":false,"showFlares":true,"showImageEffects":true,"showParticleSystems":true,"showVisualEffectGraphs":true,"m_FxEnabled":true},"in2DMode":false,"pivot":{"x":0.026275813579559327,"y":0.05881345272064209,"z":0.10015177726745606},"rotation":{"x":0.16293582320213319,"y":0.16053785383701325,"z":-0.026879899203777314,"w":0.973118007183075},"size":1.6072747707366944,"orthographic":false}