{"cameraMode":{"drawMode":0,"name":"Shaded","section":"Shading Mode"},"sceneLighting":false,"audioPlay":false,"sceneViewState":{"m_AlwaysRefresh":false,"showFog":true,"showSkybox":false,"showFlares":true,"showImageEffects":true,"showParticleSystems":true,"showVisualEffectGraphs":true,"m_FxEnabled":true},"in2DMode":false,"pivot":{"x":7.244869232177734,"y":-5.101432800292969,"z":-41.01320266723633},"rotation":{"x":0.007725362200289965,"y":0.9892352223396301,"z":-0.13467581570148469,"w":0.05674591660499573},"size":37.113521575927737,"orthographic":false}