{"cameraMode":{"drawMode":0,"name":"Shaded","section":"Shading Mode"},"sceneLighting":false,"audioPlay":false,"sceneViewState":{"m_AlwaysRefresh":false,"showFog":true,"showSkybox":false,"showFlares":true,"showImageEffects":true,"showParticleSystems":true,"showVisualEffectGraphs":true,"m_FxEnabled":true},"in2DMode":false,"pivot":{"x":-0.08150684833526612,"y":0.4463304281234741,"z":0.5592128038406372},"rotation":{"x":0.23144672811031342,"y":0.3114630877971649,"z":-0.07850120216608048,"w":0.9182929396629334},"size":1.8432220220565797,"orthographic":false}