{"cameraMode":{"drawMode":0,"name":"Shaded","section":"Shading Mode"},"sceneLighting":false,"audioPlay":false,"sceneViewState":{"m_AlwaysRefresh":false,"showFog":true,"showSkybox":false,"showFlares":true,"showImageEffects":true,"showParticleSystems":true,"showVisualEffectGraphs":true,"m_FxEnabled":true},"in2DMode":false,"pivot":{"x":-0.10653108358383179,"y":0.8395068645477295,"z":-0.4238165020942688},"rotation":{"x":0.02483072504401207,"y":0.9751676917076111,"z":-0.1533726155757904,"w":0.15787211060523988},"size":2.5709848403930666,"orthographic":true}