{"cameraMode":{"drawMode":0,"name":"Shaded","section":"Shading Mode"},"sceneLighting":false,"audioPlay":false,"sceneViewState":{"m_AlwaysRefresh":false,"showFog":true,"showSkybox":false,"showFlares":true,"showImageEffects":true,"showParticleSystems":true,"showVisualEffectGraphs":true,"m_FxEnabled":true},"in2DMode":false,"pivot":{"x":-0.060655832290649417,"y":0.6083658337593079,"z":-0.003158092498779297},"rotation":{"x":-0.04498445615172386,"y":0.9396174550056458,"z":-0.3108573257923126,"w":-0.13596211373806},"size":1.5743062496185303,"orthographic":true}